{
    "loss": 0.10168896615505219,
    "accuracy": 0.9675925970077515
}