{
    "loss": 0.0984218642115593,
    "accuracy": 0.9722222089767456
}